Year,LSOA_code,RepTime,Percentage Services,UID,NearOrder
2013,E01001734,243.83508,100,MBR,162
2013,E01001734,245.26945,100,NTA,163
2013,E01001734,249.31044,100,BBN,164
2013,E01001734,260.53833,100,SCA,165
2013,E01001734,260.88486,100,SCA,166
2013,E01001734,262.94907,100,DHM,167
2013,E01001734,264.54453,100,LAN,168
2013,E01001734,275.36453,100,PLY,169
2013,E01001734,285.14835,100,NCL,170
2013,E01001734,286.16638,100,BNG,171
